Date	Owner	Statement	Verdict	Link	Suitability	Notes	Possible Source(s) to use?
03/04/2014	Sir Gerald Howarth	At the present time 13 per cent of packs sold are illicit, denying the Treasury £3bn. If the Australian experience is anything to go by, that is likely to rocket.	FALSE	http://blogs.channel4.com/factcheck/factcheck-fag-packet-thinking/18009	No	Hard to assess causality	
03/04/2014	Japan Tobacco International	There is no credible evidence today to suggest it will work now or in the future.	HALF TRUE	http://blogs.channel4.com/factcheck/factcheck-fag-packet-thinking/18009	No		
02/04/2014	Nick Clegg	Leaving the EU would put 3 million jobs at risk	FALSE	http://blogs.channel4.com/factcheck/factcheck-cleggfarage-lies/17991	No	Hard to assess causality	
02/04/2014	UKIP	EU membership costs £55m a day	FALSE	http://blogs.channel4.com/factcheck/factcheck-cleggfarage-lies/17991	No		
02/04/2014	UKIP	An enormous proportion of British law is made in Brussels	HALF TRUE	http://blogs.channel4.com/factcheck/factcheck-cleggfarage-lies/17991	No		
26/03/2014	Iain Duncan Smith	The last government said they were controlling welfare and it ballooned by 70 per cent, but the public were told constantly it was under control…	HALF TRUE	http://blogs.channel4.com/factcheck/labour-doffing-welfare-cap-ids-factcheck/17967	Yes		http://www.channel4.com/media/c4-news/images/chart.xls,https://www.gov.uk/government/publications/benefit-expenditure-and-caseload-tables-2013
20/03/2014	Employment Minister Esther McVey	The Work Programme is successfully helping people to turn their lives around so they can look after themselves and their families.	HALF TRUE	http://blogs.channel4.com/factcheck/factcheck-work-programme-pressure-prove-worth/17957	No	Assessing causaiity and success is hard.	
18/03/2014	Grant Shapps	Ed Miliband’s prediction was completely wrong.	TRUE	http://blogs.channel4.com/factcheck/factcheck-conservative-job-claims-microscope/17937	No	The statemet to fact check is a prediction by someone else. Not sure if we should fact check that one instead. In some way, this fact checking the fact check.	
18/03/2014	Grant Shapps	The recovery is helping all regions of the UK, with new jobs springing up from John O’Groats to Land’s End.	HALF TRUE	http://blogs.channel4.com/factcheck/factcheck-conservative-job-claims-microscope/17937	Yes	In a way, the "recvery" part is ignored here. Also note that there is a time element here, this statement cannot be judged ignoring when it was said.	http://www.ons.gov.uk/ons/publications/re-reference-tables.html?newquery=*&newoffset=25&pageSize=25&edition=tcm%3A77-296703#tab-Employment-tables
18/03/2014	Grant Shapps	In the last year, nine out of 10 of these new jobs have gone to British citizens.	HALF TRUE	http://blogs.channel4.com/factcheck/factcheck-conservative-job-claims-microscope/17937	Yes	"these new jobs" refer to all recent new jobs.	http://www.ons.gov.uk/ons/publications/re-reference-tables.html?edition=tcm%3A77-296703#tab-Employment-tables
14/03/2014	American Beverage Association statement	It’s calories that count when it comes to weight loss, not uniquely calories from sugar.	HALF TRUE	http://blogs.channel4.com/factcheck/factcheck-sweet-truth-sugar/17921	Yes		http://www.plosone.org/article/info%3Adoi%2F10.1371%2Fjournal.pone.0057873
12/03/2014	Liberal Democrat press release	Nick Clegg has revealed Labour’s secret plans to scrap half a million apprentices because they think they are ‘deadweight’.	FALSE	http://blogs.channel4.com/factcheck/factcheck-lib-dems-spin-control-apprenticeships/17905	No	The fact check depends on the interpretation of "secret" and "deadweight", which cannot be quantiifed objectively.	
10/03/2014	Labour press release	Under David Cameron’s government the number of young people aged 18-24 claiming Jobseeker’s Allowance for over a year has doubled – from 28,300 in May 2010 to 56,100 today.	TRUE	http://blogs.channel4.com/factcheck/factcheck-labours-youth-jobs-guarantee-add/17899	Yes		http://www.ons.gov.uk/ons/publications/re-reference-tables.html?edition=tcm%3A77-296703
10/03/2014	Conservatives	Labour have now committed themselves to spending the proceeds of bank tax revenues 10 times over on 11 different things.	HALF TRUE	http://blogs.channel4.com/factcheck/factcheck-labours-youth-jobs-guarantee-add/17899	No	Defining commitment of funds is difficult to assess and speculative in nature.	
07/03/2014	Owen Paterson	If you look at what’s happened in the Republic of Ireland, the number of incidents has come down from 45,000 to 15,000.	TRUE	http://blogs.channel4.com/factcheck/factcheck-irish-badger-cull-worked/17887	No	It requires more context, i.e. the fact that basdgers are considered a cause of T.B. in cows.	
04/03/2014	Nato secretary general Anders Fogh Rasmussen	Military action against Ukraine by forces of the Russian Federation is a breach of international law.	TRUE	http://blogs.channel4.com/factcheck/factcheck-crimea-myth-reality/17855	No	Interpretation of international law is difficult to be done objectively.	
04/03/2014	Russian embassy statement	There has been a lot of speculation regarding movements of troops of the Russian Black Sea fleet, taken as a precautionary measure in full compliance with the relevant bilateral agreements with Ukraine.	TRUE	http://blogs.channel4.com/factcheck/factcheck-crimea-myth-reality/17855	No	Interpretation of international law is difficult to be done objectively.	
04/03/2014	Russian embassy statement	Political power in Kiev has been concentrated in the hands of far-right extremist elements that do not hide their xenophobic, anti-Semitic, neofascist credentials.	HALF TRUE	http://blogs.channel4.com/factcheck/factcheck-crimea-myth-reality/17855	No	"Concentration of power" and political beliefs are hard to interpret objectively.	
04/03/2014	Ukrainian ambassador to the UN, Yuriy Sergeyev	We are strong enough to defend ourselves.	HALF TRUE	http://blogs.channel4.com/factcheck/factcheck-crimea-myth-reality/17855	No	Difficult to assess what it means to be "strong enough".	
28/02/2014	Daily Mirror	Up to 74 children have been taken into care in the last five years because they are obese	FALSE	http://blogs.channel4.com/factcheck/factcheck-childhood-obesity-worse/17833	No	Furthermore, we need to interpret "care" and assess the cause.	Assessing this needs data not available online, they asked the councils directly.
28/02/2014	Press Association	There has been a 12 per cent rise in the number of under-16s admitted to hospital for obesity in the last year, figures show.	TRUE	http://blogs.channel4.com/factcheck/factcheck-childhood-obesity-worse/17833	Yes		http://www.hscic.gov.uk/
24/02/2014	Alex Salmond	Looking at Scotland with oil, we’re among the top 10 countries. We’re eighth in the world of developed countries – the UK would be 18th.	TRUE	http://blogs.channel4.com/factcheck/factcheck-scotlands-oil-wealth/17811	Yes		http://www.scotland.gov.uk/Resource/0041/00416075.pdf
24/02/2014	Alex Salmond	Without oil the productivity, the GDP per head, of the Scottish economy is approximately the same as the UK’s.	TRUE	http://blogs.channel4.com/factcheck/factcheck-scotlands-oil-wealth/17811	Yes		http://www.gla.ac.uk/media/media_275906_en.pdf
24/02/2014	Alex Salmond	Recent estimates suggest that activity in the North Sea fields will last for decades with 24 billion barrels of oil equivalent, valued at £1.5 trillion.	FALSE	http://blogs.channel4.com/factcheck/factcheck-scotlands-oil-wealth/17811	No	What is called here "equivalent" is gas and oil, not sure it can be assessed objectively. It is also about the fututre really.	
24/02/2014	Alex Salmond	I mean handling the oil and gas resource for the community as a whole as Norway has accumulated much of its revenues for a futures fund for future generations.	HALF TRUE	http://blogs.channel4.com/factcheck/factcheck-scotlands-oil-wealth/17811	No	This is really about the future, not a fact.	
22/02/2014	27 Anglican bishops and 16 other Christian leaders	Half a million people have visited foodbanks in the UK since last Easter.	TRUE	http://blogs.channel4.com/factcheck/factcheck-government-starving/17793	No		Looks like one needs to ask the foodbanks; no online resource
22/02/2014	27 Anglican bishops and 16 other Christian leaders	Over half of people using foodbanks have been put in that situation by cut backs to and failures in the benefit system, whether it be payment delays or punitive sanctions.	TRUE	http://blogs.channel4.com/factcheck/factcheck-government-starving/17793	No	The cause stated here is difficult to assess objectively.	
22/02/2014	27 Anglican bishops and 16 other Christian leaders	5,500 people were admitted to hospital in the UK for malnutrition last year.	TRUE	http://blogs.channel4.com/factcheck/factcheck-government-starving/17793	Yes	The source is mentioned but not linked to by the blog.	http://www.hscic.gov.uk/
17/02/2014	Alex Salmond	No member state has suggested that it would seek to block Scottish membership.	TRUE	http://blogs.channel4.com/factcheck/factcheck-independent-scotland-stay-eu/17767	No	No facts to check really.	
05/02/2014	Ed Miliband	Why, for the first time in five years, has the gap between men and women’s pay increased? …because the minimum wage is losing value, because of the growth of zero hours contracts, and the problem women have accessing childcare.	TRUE	http://blogs.channel4.com/factcheck/labour-hit-tory-weak-spot-battle-sexes-factcheck/17681	Yes	There is causality, but also a lot of numbers to fact check which is what they did anyway.	http://www.ons.gov.uk/ons/dcp171778_335027.pdf, https://www.gov.uk/government/publications/national-minimum-wage-low-pay-commission-report-2013, http://www.ons.gov.uk/ons/rel/lmac/women-in-the-labour-market/2013/rpt---women-in-the-labour-market.html#tab-Women-in-the-labour-market,https://itnltd-my.sharepoint.com/personal/karimf_itn_co_uk/_layouts/15/WopiFrame2.aspx?sourcedoc={21E18BF1-B158-4966-B24F-05BD7D75BDE7}&file=Times.xlsx&action=default
05/02/2014	David Cameron	This government has spent £2.4bn over this four-year period, which is more than the £2.2bn spent under the previous government.	HALF TRUE	http://blogs.channel4.com/factcheck/factcheck-deluge-spin-floods-spending/17671	Yes		https://www.gov.uk/government/uploads/system/uploads/attachment_data/file/273582/flood-coastal-erosion-funding.pdf
03/02/2014	Labour MP Michael Dugher	Many rightly see this as an emerging pattern of behaviour in Whitehall with non-Conservative supporters being replaced by prominent Conservatives.	HALF TRUE	http://blogs.channel4.com/factcheck/factcheck-runs-britains-quangos/17645	No		
30/01/2014	Andy Burnham, shadow health secretary	These shocking figures expose the growing crisis in older people’s care on David Cameron’s watch.	FALSE	http://blogs.channel4.com/factcheck/factcheck-ae-scare-story-based-dodgy-figures/17615	No	Hard to interpret what these figures refers to and what does crisis mean.	
27/01/2014	shadow chancellor, Ed Balls	We say it will raise revenue, it will raise a substantial amount of revenue.	FALSE	http://blogs.channel4.com/factcheck/factcheck-50p-top-rate-tax-bring/17601	No	It is about the future really.	
23/01/2014	Crime prevention minister Norman Baker	England and Wales are safer than they have been for decades with crime now at its lowest level since the survey began in 1981.	HALF TRUE	http://blogs.channel4.com/factcheck/factcheck-trust-crime-figures/17565	Yes	While the numbers support the claim, the analysis worries about whether the numbers can be trusted.	http://www.ons.gov.uk/ons/rel/crime-stats/crime-statistics/period-ending-september-2013/index.html
22/01/2014	David Cameron	Housing starts are 89 per cent higher than the trough [Labour] left us in in 2009.	HALF TRUE	http://blogs.channel4.com/factcheck/affordable-housing-pm-scored-home-run-factcheck/17537	Yes	This was called factfiction due to ommitting important details, even though it is true	https://www.gov.uk/government/uploads/system/uploads/attachment_data/file/259891/House_Building_Release_-_Sept_Qtr_2013.pdf
22/01/2014	David Cameron	When it comes to affordable homes we’ve already delivered over 100,000 affordable homes.	HALF TRUE	http://blogs.channel4.com/factcheck/affordable-housing-pm-scored-home-run-factcheck/17537	Yes	This was called factfiction due to ommitting important details, even though it is true	https://www.gov.uk/government/news/new-homes-build-britains-recovery--2
22/01/2014	David Cameron	New starts in affordable homes have fallen by a third since 2010.	TRUE	http://blogs.channel4.com/factcheck/affordable-housing-pm-scored-home-run-factcheck/17537	Yes		https://www.gov.uk/government/news/new-homes-build-britains-recovery--2
21/01/2014	Julie Bindel	Our own research suggests that the number of women and girls living with FGM in the UK is more likely to be around 170,000 -almost three times the existing official figures – and that 65,000 girls aged 13 and under are at risk of mutilation.	HALF TRUE	http://blogs.channel4.com/factcheck/factcheck-big-problem-female-genital-mutilation/17515	No	The numbers are rather speculative	
11/01/2014	Her Majesty’s Inspectorate of Constabulary	The police use of stop and search powers is too often ineffective in tackling crime	TRUE	http://blogs.channel4.com/factcheck/factcheck-case-stop-search-stack/17453	No	What does it mean to be ineffective?	
06/01/2014	George Osborne	There are people on incomes of £60,000 or £70,000 living in council homes.	TRUE	http://blogs.channel4.com/factcheck/factcheck-council-house-tenants-earn-60000/17393	Yes		https://www.gov.uk/government/uploads/system/uploads/attachment_data/file/8355/2160581.pdf, https://www.gov.uk/government/uploads/system/uploads/attachment_data/file/225313/High_Income_Social_Tenants_-_Pay_to_stay.pdf
06/01/2014	Shailesh Vara, Minister for the Courts and Legal Aid	The average criminal bar barrister working full-time is earning some £84,000.	FALSE	http://blogs.channel4.com/factcheck/factcheck-violins-barristers/17369	Yes	Hmm, the analysis relies on what it means to earn.	https://www.gov.uk/government/uploads/system/uploads/attachment_data/file/269061/laa-barrister-spend.pdf
19/12/2013	Her Majesty’s Revenue & Customs	HMRC strongly disputes the conclusions in the Public Accounts Committee report and challenges the Committee’s selective and misleading use of figures.	HALF TRUE	http://blogs.channel4.com/factcheck/factcheck-mps-cherry-pick-hmrcs-figures/17043	No		
05/12/2013	David Cameron	So today we set out in detail the largest package of measures to tackle tax avoidance, tax evasion, fraud and error so far this parliament. Together it will raise over £9bn over the next five years.	HALF TRUE	http://blogs.channel4.com/factcheck/factcheck-unpicking-autumn-statement/16590	No		
05/12/2013	David Cameron	Real household disposable income is rising	HALF TRUE	http://blogs.channel4.com/factcheck/factcheck-unpicking-autumn-statement/16590	Yes	The measure used fluctuates a lot, so different quarters give different answers, which is while technically true, it is not called Fact.	http://www.ons.gov.uk/ons/index.html
05/12/2013	David Cameron	This year we have the highest proportion of young people from disadvantaged backgrounds applying to university ever.	MOSTLY TRUE	http://blogs.channel4.com/factcheck/factcheck-unpicking-autumn-statement/16590	Yes	This one used a different labeling scheme	http://www.hesa.ac.uk/index.php?option=com_content&task=view&id=2397&Itemid=141
28/11/2013	Imperial Tobacco	The real evidence from Australia… is clear: plain packaging has not had an impact on tobacco consumption but a KPMG report shows there has been an increase in illicit trade.	HALF TRUE	http://blogs.channel4.com/factcheck/factcheck-plain-packaging-reduce-smoking-rates/16548	No	Hard to quantify the impact.	http://www.bmjopen.bmj.com/content/3/7/e003175, http://londoneconomics.co.uk/wp-content/uploads/2013/11/London-Economics-Report-Australian-Prevalence-Final-Report-25-11-2013.pdf
26/11/2013	Alex Salmond	There is a very, very powerful argument (for Scotland to retain the pound)	FALSE	http://blogs.channel4.com/factcheck/factcheck-scotland-hands-economic-future-england/16500	No		
13/11/2013	Sir John Major	In every single sphere of British influence, the upper echelons of power in 2013 are held overwhelmingly by the privately educated or the affluent middle class.	MOSTLY TRUE	http://blogs.channel4.com/factcheck/factcheck-social-mobility-collapsed/16444	No		
13/11/2013	Sir John Major	New Labour promised social improvement but delivered a collapse in social mobility.	HALF TRUE	http://blogs.channel4.com/factcheck/factcheck-social-mobility-collapsed/16444	No		
13/11/2013	Craig Cobb	Hold on, just wait a minute. This is called statistical noise.	FALSE	http://blogs.channel4.com/factcheck/factcheck-ancestry-african-dna-denial/16412	No		
12/11/2013	Royal College of Nursing	The NHS (is) potentially operating on nearly 20,000 fewer full-time nursing staff than planned.	MOSTLY TRUE	http://blogs.channel4.com/factcheck/factcheck-feast-famine-nursing-numbers/16386	Maybe	The data seems to be unavailable	
08/11/2013	Scottish government spokesman	Scotland stands to inherit a fair share of existing UK defence assets, as the UK government has now conceded.	MOSTLY FALSE	http://blogs.channel4.com/factcheck/factcheck-independent-scotland-faces-fight-uk-defence-assets/16480	No		
06/11/2013	David Cameron	Last week was the 27th week in a row that we met our A&E targets.	MOSTLY TRUE	http://blogs.channel4.com/factcheck/factcheck-coalition-destroying-nhs/16348	No		
06/11/2013	Ed Miliband	The Prime Minister is simply wrong about the figures…the target has been missed for 15 consecutive weeks.	MOSTLY FALSE	http://blogs.channel4.com/factcheck/factcheck-coalition-destroying-nhs/16348	No		
04/11/2013	Gareth Thomas	Today’s report shows that Europe brings each UK household £3,000 a year.	MOSTLY FALSE	http://blogs.channel4.com/factcheck/factcheck-europe-bring-household-3000/16300	No	The verdict talks about the small print here, not sure if we would include this.	http://www.cbi.org.uk/media/2451423/our_global_future.pdf,http://www.google.co.uk/url?sa=t&rct=j&q=&esrc=s&frm=1&source=web&cd=1&ved=0CC8QFjAA&url=http%3A%2F%2Fwww.iod.com%2FInfluencing%2FPolicy-papers%2FEurope%2F~%2Fmedia%2F0CD5046359EF4F9AADA5B2C416D5D022.ashx&ei=pdl3UsKnC6HM0QWs5IHYCg&usg=AFQjCNF1WJgW41s5RRDrsnHESuBrmSilJQ&sig2=7BJ3HqUUGzU5sq5HD2yhSg&bvm=bv.55819444,d.bGE, http://www.iea.org.uk/sites/default/files/publications/files/upldbook33pdf.pdf
25/03/2014	FaceBook post	The percentage of black children born without a father in the home has risen from 7 percent in 1964 to 73 percent today, due to changes from President Lyndon Johnson’s Great Society.	FALSE	http://www.politifact.com/truth-o-meter/statements/2014/mar/25/facebook-posts/facebook-meme-blames-great-society-large-rise-afri/	Yes	The claim is false even if we ignore the causality.	http://www2.census.gov/prod2/statcomp/documents/1967.zip, http://www2.census.gov/prod2/statcomp/documents/1966.zip, http://www.cdc.gov/nchs/data/nvsr/nvsr62/nvsr62_09.pdf, http://www.census.gov/hhes/families/files/ch2.xls, http://www.census.gov/hhes/families/files/ch3.xls
23/03/2014	Sen. Marco Rubio, R-Fla.	Americans increasingly want (the Affordable Care Act) to be repealed.	MOSTLY FALSE	http://www.politifact.com/truth-o-meter/statements/2014/mar/25/marco-rubio/marco-rubio-said-americans-increasingly-want-healt/	Yes		https://www.documentcloud.org/documents/1096583-health-care-special-report-march-2014-3-18-14.html, http://www.realclearpolitics.com/epolls/other/repeal_of_health_care_law_favoroppose-1947.html
20/03/2014	Now or Never PAC	Ralph Hall is "the oldest member in Congress ever.	FALSE	http://www.politifact.com/truth-o-meter/statements/2014/mar/20/now-or-never-pac/ad-attacking-texas-rep-ralph-hall-age-gets-histori/	Yes		http://history.house.gov/Institution/Firsts-Milestones/Record-Holders/, http://bioguide.congress.gov/scripts/biodisplay.pl?index=t000254
20/03/2014	Sen. Mark Begich, D-Alaska	Says he "forced Washington to open up the Arctic Ocean to oil drilling."	MOSTLY TRUE	http://www.politifact.com/truth-o-meter/statements/2014/mar/24/mark-begich/mark-begich-ad-says-he-forced-dc-open-arctic-oil-d/	No		
20/03/2014	Barack Obama	Our high school graduation rate is the highest on record.	HALF TRUE	http://www.politifact.com/truth-o-meter/statements/2014/mar/26/barack-obama/barack-obama-says-high-schoolers-are-graduating-al/	Yes		https://www.ed.gov/news/press-releases/education-department-releases-new-school-level-graduation-rate-data-better-infor, http://nces.ed.gov/pubs2013/2013309rev.pdf, http://blog.centerforpubliceducation.org/2014/02/20/high-school-graduation-rate-at-an-all-time-high/, http://nces.ed.gov/ccd/tables/AFGR0812.asp, https://nces.ed.gov/programs/coe/indicator_coi.asp, https://nces.ed.gov/programs/digest/d12/tables/dt12_122.asp, http://nces.ed.gov/pubs2012/2012001.pdf
17/03/2014	Chain email	Says President Barack Obama told a room of students, "Children, every time I clap my hands together, a child in America dies from gun violence," and then a child told him he could solve the problem by not clapping any more.	FALSE	http://www.politifact.com/truth-o-meter/statements/2014/mar/17/chain-email/chain-email-says-child-upbraided-barack-obama-clap/	No	It is a story, not a statement really, even though a story can be thought of as a series of statements.	
17/03/2014	Americans for Prosperity	Millions of Americans are "paying more and getting less" under Obamacare.	FALSE	http://www.politifact.com/truth-o-meter/statements/2014/mar/20/americans-prosperity/americans-prosperity-claims-people-are-getting-les/	No	Hard to assess causality objectively.	
16/03/2014	White House adviser Dan Pfeiffer	President Barack Obama’s "approval rating gained 3 points in the last couple months".	MOSTLY TRUE	http://www.politifact.com/truth-o-meter/statements/2014/mar/16/dan-pfeiffer/dan-pfeiffer-says-obamas-approval-rating-recent-mo/	Yes	The statement is lightly rephrased by politifact, the original has an "it" instead of "President Barack Obama's approval"	http://www.realclearpolitics.com/epolls/other/president_obama_job_approval-1044.html, http://elections.huffingtonpost.com/pollster/obama-job-approval#!, http://msnbcmedia.msn.com/i/MSNBC/Sections/NEWS/A_U.S.%20news/US-news-PDFs/14133%20MARCH%20NBC-WSJ%20Poll%20(3-12%20Release).pdf
13/03/2014	House Speaker John Boehner, R-Ohio	There are less people today with health insurance than there were before this law went into effect.	FALSE	http://www.politifact.com/truth-o-meter/statements/2014/mar/18/john-boehner/john-boehner-says-more-people-are-uninsured-obamac/	No	I think that assessing who has health insurance and who doesn't is not easy to do objectively.	
12/03/2014	Rep. Nick Rahall, D-W.Va.	I probably have supported George Bush more than I have Barack Obama, Am I going to switch parties because of that? No. I’m a Democrat, born a Democrat, am a Democrat and will die a Democrat.	FALSE	http://www.politifact.com/truth-o-meter/statements/2014/mar/18/nick-rahall/rep-nick-rahall-west-virginia-says-he-supported-ge/	No	Assessing what counts as support is difficult to do objectively	
11/03/2014	Democratic National Committee	Democrats "got outspent in a Republican district."	MOSTLY FALSE	http://www.politifact.com/truth-o-meter/statements/2014/mar/14/democratic-national-committee/democrats-say-alex-sink-got-outspent-republican-di/	Yes	What does it mean to be a Republican district?	http://www.opensecrets.org/races/summary.php?cycle=2014&id=FL13&spec=Y, http://www.fec.gov/disclosurehs/HSCandDetail.do, http://cookpolitical.com/house/race/1592
11/03/2014	Barack Obama	Most young Americans right now, they’re not covered" by health insuranc	FALSE	http://www.politifact.com/truth-o-meter/statements/2014/mar/11/barack-obama/between-two-ferns-interview-barack-obama-says-most/	Yes		http://www.census.gov/hhes/www/cpstables/032013/health/h01_001.xls, http://www.gallup.com/poll/167798/uninsured-rate-continues-fall.aspx
10/03/2014	Facebook post	Says Marco Rubio believes the earth is 9,000 years old and that humans hunted dinosaurs to extinction	FALSE	http://www.politifact.com/truth-o-meter/statements/2014/mar/25/facebook-posts/facebook-meme-claims-rand-paul-and-marco-rubio-hav/#atfhead	No		
09/03/2014	Janet Murguía, National Council of La Raza president	The truth is we’re at the point of reaching 2 million deportations. For us, this is a historic level, more than any other president of the United States.	HALF TRUE	http://www.politifact.com/truth-o-meter/statements/2014/mar/17/janet-murguia/activist-janet-murguia-calls-obama-deporter-chief-/	Yes	It spans over two sentences, but we could make it one without changing the meaning I think.	http://www.pewresearch.org/fact-tank/2013/09/19/high-rate-of-deportations-continue-under-obama-despite-latino-disapproval/, https://www.dhs.gov/yearbook-immigration-statistics-2012-enforcement-actions, https://www.ice.gov/doclib/about/offices/ero/pdf/ero-removals1.pdf, http://www.ice.gov/removal-statistics/
09/03/2014	Sen. Rand Paul, R-Ky.	The president won the youth vote 3 to 1, but his numbers have dropped 20, 30 percent among the youth.	MOSTLY TRUE	http://www.politifact.com/truth-o-meter/statements/2014/mar/09/rand-paul/sen-paul-says-obama-lost-youth-support/	Yes		http://www.cnn.com/ELECTION/2008/results/president/, http://www.cnn.com/election/2012/results/race/president, http://www.iop.harvard.edu/approval-obama-both-parties-congress-slide-across-board-near-majority-would-support-recalling, http://www.gallup.com/poll/124922/Presidential-Approval-Center.aspx, http://www.iop.harvard.edu/sites/default/files_new/HarvardIOPFall2013ExecSummary.pdf, http://www.iop.harvard.edu/sites/default/files_new/HarvardIOPFall2013ExecSummary.pdf
08/03/2014	Rob Portman	The average family (is) now bringing home $4,000 less than they did just five years ago.	TRUE	http://www.politifact.com/truth-o-meter/statements/2014/mar/12/rob-portman/rob-portman-says-average-us-family-earning-4000-le/	Yes		http://www.census.gov/hhes/www/income/data/historical/families/2012/F05_2012.xls
06/03/2014	Sen. Ted Cruz, R-Texas	President Barack Obama "is the first president we've ever had who thinks he can choose which laws to enforce and which laws to ignore."	FALSE	http://www.politifact.com/truth-o-meter/statements/2014/mar/10/ted-cruz/ted-cruz-says-barack-obama-first-president-who-thi/	No	Difficult to assess objectively.	
05/03/2014	Barack Obama	When I talk about (raising the) minimum wage, not only is it good policy, but the majority of the country, including half of Republicans, agree with it.	MOSTLY TRUE	http://www.politifact.com/truth-o-meter/statements/2014/mar/07/barack-obama/barack-obama-says-half-republicans-agree-minimum-w/	No	What does it mean to agree with? It is more about opinions instead of facts.	
03/03/2014	Rep. Paul Ryan, R-Wis	Over the past three years, ‘deep poverty’ has reached its highest level on record.	TRUE	http://www.politifact.com/truth-o-meter/statements/2014/mar/04/paul-ryan/paul-ryan-releases-report-saying-percentage-americ/	Yes	A bit of an issue with the deep poverty, but it seems to be well-defined.	http://www.census.gov/hhes/www/poverty/data/historical/hstpov5.xls, http://www.documentcloud.org/documents/1033869-waronpoverty50.html#document/p2, http://www.census.gov/hhes/www/poverty/data/historical/hstpov2.xls
02/03/2014	Defense Secretary Chuck Hagel	It isn't me cutting the budget. It's the Congress' decision on sequestration. So it isn't secretary of defense or the president doing this.	HALF TRUE	http://www.politifact.com/truth-o-meter/statements/2014/mar/05/chuck-hagel/hagel-says-congress-responsible-defense-cuts-not-o/	No	Hard to tell objectively whose decision it is.	
02/03/2014	American Petroleum Institute	Bill Clinton and George Bush both say build the Keystone XL.	TRUE	http://www.politifact.com/truth-o-meter/statements/2014/mar/05/american-petroleum-institute/do-bill-clinton-and-george-bush-support-keystone-x/	No	Hard to assess support.	
02/03/2014	Secretary of State John Kerry	The (Russian) ruble is already going down.	MOSTLY TRUE	http://www.politifact.com/truth-o-meter/statements/2014/mar/02/john-kerry/john-kerry-tells-cbs-viewers-russian-isolation-com/	Yes	Time is a crucial here. Rated mostly because it suggests only some of the causes. Could this be maybe?	http://www.xe.com/currencyconverter/convert/?Amount=1&From=RUB&To=USD
02/03/2014	Rep. Mike Rogers, R-Mich.	Crimea was part of Russia "until 1954, when it was given to the Soviet Republic of the Ukraine."	TRUE	http://www.politifact.com/truth-o-meter/statements/2014/mar/02/mike-rogers/why-crimea-matters-russia/	Yes	wikipedia should work here too	http://www.themoscowtimes.com/opinion/article/will-putin-seize-crimea/495074.html
28/02/2014	Larry Pressler	American Hustle shows the FBI making real-life bribes to Washington politicians. I know, because as your U.S. senator, I turned them down.	TRUE	http://www.politifact.com/truth-o-meter/statements/2014/mar/04/larry-pressler/larry-pressler-recalls-role-rejecting-abscam-bribe/	No	This is more of a story rather than a statement.	
27/02/2014	Rep. Louise Slaughter, D-N.Y.	By 4th grade, 86 percent of African-American boys and 82 percent (of) Hispanic boys are reading below proficiency levels.	TRUE	http://www.politifact.com/truth-o-meter/statements/2014/feb/28/louise-slaughter/louise-slaughter-tweets-four-five-black-and-hispan/	Yes		http://nces.ed.gov/nationsreportcard/naepdata/report.aspx?app=NDE&p=1-RED-2-20133%2c20113%2c20093%2c20073%2c20053%2c20033%2c20023%2c20003%2c20002%2c19983%2c19982%2c19942%2c19922-RRPCM-TOTAL-NT-MN_MN-Y_J-0-0-37, http://nces.ed.gov/nationsreportcard/reading/achieve.aspx#2009_grade4, http://nationsreportcard.gov/reading_math_2013/#/student-groups
27/02/2014	Barack Obama	Fewer black and Latino men participate in the labor force, compared to young white men.	MOSTLY TRUE	http://www.politifact.com/truth-o-meter/statements/2014/feb/28/barack-obama/barack-obama-says-fewer-black-latino-young-men-par/	Yes		http://www.bls.gov/cps/, http://www.pewresearch.org/fact-tank/2013/09/04/hispanic-college-enrollment-rate-surpasses-whites-for-the-first-time/
26/02/2014	Louisiana Gov. Bobby Jindal	Our economy (in Louisiana) has grown 50 percent faster than the national GDP, even since the national recession.	MOSTLY TRUE	http://www.politifact.com/truth-o-meter/statements/2014/feb/27/bobby-jindal/bobby-jindal-says-louisianas-growth-has-outpaced-n/	Yes	Mostly true because other reasonable ranges give different outcome	http://www.nber.org/cycles/cyclesmain.html, http://www.bea.gov/regional/index.htm
24/02/2014	Sen. Pat Toomey, R-Pa.	Debo Adegbile "was nominated to serve as a judge on the U.S. Circuit Court of Appeals" and "was abruptly withdrawn by the administration."	FALSE	http://www.politifact.com/truth-o-meter/statements/2014/feb/27/pat-toomey/pat-toomey-says-barack-obama-previously-nominated-/	No	Hinges upon nominate vs. consider	
23/02/2014	Sen. Dick Durbin, D-Ill.	Under current policies, "we're going to reduce the overall debt of the United States by $3 trillion over the next 10 years."	FALSE	http://www.politifact.com/truth-o-meter/statements/2014/feb/25/richard-durbin/dick-durbin-says-us-debt-track-fall-3-trillion-nex/	No	It is a speculation, but an unrealistic one.	
21/02/2014	Americans for Prosperity	Alaska Sen. Mark Begich "is on record supporting a carbon tax, even pushing Harry Reid to make it a priority."	MOSTLY FALSE	http://www.politifact.com/truth-o-meter/statements/2014/feb/25/americans-prosperity/conservative-ad-says-begich-supports-carbon-tax/	No		
20/02/2014	Barack Obama	We’ve got close to 7 million Americans who have access to health care for the first time because of Medicaid expansion.	FALSE	http://www.politifact.com/truth-o-meter/statements/2014/feb/25/barack-obama/barack-obama-says-medicaid-expansion-has-brought-h/	Yes		http://acasignups.net/spreadsheet-med, http://avalerehealth.net/expertise/managed-care/insights/1.1m-to-1.8m-new-medicaid-enrollees-as-a-result-of-aca, http://www.medicaid.gov/AffordableCareAct/Medicaid-Moving-Forward-2014/Downloads/December-2013-Enrollment-Report.pdf
20/02/2014	former state Attorney General Dan Sullivan	Alaska Sen. Mark Begich supported President Barack Obama’s economic policies "97 percent of the time."	MOSTLY FALSE	http://www.politifact.com/truth-o-meter/statements/2014/feb/21/dan-sullivan/begich-supports-97-percent-obamas-economic-policy-/	No	Support is interepreted as voting, which can be counted.	http://www.cq.com/graphics/weekly/2014/02/03/wr20140203-04prezsupport-cht8.pdf, http://atr.rollcall.com/most-fascinating-races-of-2014-alaska-senate/, http://www.opencongress.org/people/votes_with_party/senate/democrat
19/02/2014	Republican challenger Matt Bevin	Mitch McConnell voted with Harry Reid to infringe on our gun rights.	FALSE	http://www.politifact.com/truth-o-meter/statements/2014/feb/24/matt-bevin/republican-challenger-matt-bevin-attacks-senate-mi/	No		
12/02/2014	National Republican Congressional Committee	Obamacare includes a "$700 billion cut from Medicare for seniors."	HALF TRUE	http://www.politifact.com/truth-o-meter/statements/2014/feb/14/national-republican-congressional-committee/nrcc-says-obamacare-cuts-money-medicare-and-senior/	No	It is not about facts, but about laws.	
12/02/2014	National Republican Congressional Committee	Nonpartisan government analysts say Obamacare will cost our economy up to 2.5 million jobs.	MOSTLY FALSE	http://www.politifact.com/truth-o-meter/statements/2014/feb/14/national-republican-congressional-committee/nrcc-says-congressional-budget-office-predicts-oba/	No	Future	
12/02/2014	National Republican Congressional Committee	"300,000 Floridians will lose their current health plans" because of Obamacare, a plan Alex Sink supports.	HALF TRUE	http://www.politifact.com/truth-o-meter/statements/2014/feb/14/national-republican-congressional-committee/300000-florida-lose-health-plans-more-story/	No	Future+causality	
12/02/2014	Patriot Majority USA	North Carolina Republican Senate candidate Thom Tillis "supports a plan that would end Medicare as we know it."	MOSTLY TRUE	http://www.politifact.com/truth-o-meter/statements/2014/feb/14/patriot-majority-usa/demcratic-group-says-nc-republican-senate-hopeful-/	No	Assessing what counts as support is difficult to do objectively	
12/02/2014	Patriot Majority USA	North Carolina Republican Senate candidate Thom Tillis would let insurance companies "deny coverage for pre-existing conditions."	MOSTLY TRUE	http://www.politifact.com/truth-o-meter/statements/2014/feb/13/patriot-majority-usa/pro-democratic-group-says-north-carolina-senate-ca/	No	Future	
09/02/2014	Rep. Keith Ellison, D-Minn.	Americans work way more than an average of industrialized countries around the world.	MOSTLY TRUE	http://www.politifact.com/truth-o-meter/statements/2014/feb/09/keith-ellison/keith-ellison-says-americans-work-way-more-others/	Yes	"way more' is not easy to quantify	http://www.cepr.net/documents/publications/no-vacation-update-2013-05.pdf, http://stats.oecd.org/Index.aspx?DatasetCode=LEVEL#
05/02/2014	Sen. Mark Pryor, D-Ark.	Tom Cotton’s vote in Congress to change Medicare "will increase out-of-pocket expenses for every senior in Arkansas."	MOSTLY FALSE	http://www.politifact.com/truth-o-meter/statements/2014/feb/28/mark-pryor/pryor-ad-warns-every-senior-arkansas-will-see-incr/	No	Hard to assess causality objectively.	
05/02/2014	Clay Aiken	Rep. Renee Ellmers voted for the government shutdown 21 times.	HALF TRUE	http://www.politifact.com/truth-o-meter/statements/2014/feb/12/clay-aiken/clay-aiken-says-gop-legislator-voted-21-times-shut/	No	There is no direct vote, only votes on laws that might affect things indirectly.	
04/02/2014	Secretary of Labor Thomas Perez	If you have a union job, you're making on average $950 a week. If you have a non-union job, you're making $750 a week.	MOSTLY TRUE	http://www.politifact.com/truth-o-meter/statements/2014/feb/07/thomas-perez/labor-secretary-thomas-perez-says-union-members-ea/	Yes	Interestingly, it is the median, rather than the average that this is true for.	http://www.bls.gov/news.release/union2.t04.htm, http://www.bls.gov/news.release/union2.t02.htm, http://www.bls.gov/opub/ted/2013/ted_20130513.htm
04/02/2014	House Speaker John Boehner, R-Ohio	President Barack Obama’s health care law is "expected to destroy 2.3 million jobs."	MOSTLY FALSE	http://www.politifact.com/truth-o-meter/statements/2014/feb/05/john-boehner/john-boehner-says-obamacare-expected-destroy-23-mi/	No	Future	
02/02/2014	Chain email	President Barack Obama has issued upwards of 1,000 executive orders, more than any modern president.	FALSE	http://www.politifact.com/truth-o-meter/statements/2014/feb/06/chain-email/chain-email-claims-barack-obama-has-signed-1000-ex/	Yes		http://www.presidency.ucsb.edu/data/orders.php
31/01/2014	Barack Obama	What is and isn't a Schedule I narcotic is a job for Congress.	HALF TRUE	http://www.politifact.com/truth-o-meter/statements/2014/feb/04/barack-obama/barack-obama-says-its-congress-change-how-feds-cla/	No		
29/01/2014	Mr Conservative	"According to (Barack) Obama’s newest unconstitutionally enacted law, health care professionals are now required to violate HIPAA privacy laws and submit medical data to the government," which is "then used as justification for gun confiscation."	FALSE	http://www.politifact.com/truth-o-meter/statements/2014/feb/06/mr-conservative/conservative-website-says-barack-obama-signed-law-/	No		
29/01/2014	Sen. Tom Harkin, D-Iowa	Cuba has "a lower child mortality rate than ours. Their life expectancy is now greater than ours."	HALF TRUE	http://www.politifact.com/truth-o-meter/statements/2014/jan/31/tom-harkin/sen-tom-harkin-says-cuba-has-lower-child-mortality/	Yes	There is concern on the trustworthiness of the numbers.	https://www.cia.gov/library/publications/the-world-factbook/rankorder/2091rank.html, http://esa.un.org/unpd/wpp/Excel-Data/EXCEL_FILES/3_Mortality/WPP2012_MORT_F01_2_Q5_BOTH_SEXES.XLS, https://www.cia.gov/library/publications/the-world-factbook/rankorder/2102rank.html, http://apps.who.int/gho/data/node.main.688, http://ais.paho.org/chi/brochures/2012/BI_2012_ENG.pdf
28/01/2014	Sen. Rand Paul, R-Ky.	President Barack Obama "spent nearly a trillion dollars on make-work government jobs."	FALSE	http://www.politifact.com/truth-o-meter/statements/2014/jan/30/rand-paul/rand-paul-says-barack-obama-spent-nearly-trillion-/	No	What is make-work?	
28/01/2014	Barack Obama	Women "make 77 cents for every dollar a man earns."	MOSTLY TRUE	http://www.politifact.com/truth-o-meter/statements/2014/jan/29/barack-obama/barack-obama-state-union-says-women-make-77-cents-/	Yes	Kind of depends on the definition	http://www.census.gov/prod/2013pubs/p60-245.pdf, http://www.bls.gov/cps/wlf-databook-2012.pdf, http://www.bls.gov/cps/cpswom2012.pdf,
28/01/2014	Barack Obama	For the first time in over a decade, business leaders around the world have declared that China is no longer the world’s No. 1 place to invest; America is.	MOSTLY TRUE	http://www.politifact.com/truth-o-meter/statements/2014/jan/29/barack-obama/business-leaders-declared-china-no-longer-worlds-n/	Yes	There are established measures of assessing this	http://www.atkearney.com/documents/10192/1464437/Back+to+Business+-+Optimism+Amid+Uncertainty+-+FDICI+2013.pdf/96039e18-5d34-49ca-9cec-5c1f27dc099d, http://www.milkeninstitute.org/pdf/GlobalOpportunityIndex.pdf, http://www.forbes.com/sites/kurtbadenhausen/2013/12/04/map-the-best-and-worst-countries-for-business/, http://www.bloomberg.com/slideshow/2013-01-18/best-countries-for-business-2013.html
28/01/2014	Barack Obama	Every four minutes, another American home or business goes solar.	TRUE	http://www.politifact.com/truth-o-meter/statements/2014/jan/29/barack-obama/obama-says-every-four-minutes-another-american-hom/	Yes		http://www.greentechmedia.com/research/ussmi
28/01/2014	Barack Obama	Today, the federal minimum wage is worth about twenty percent less than it was when Ronald Reagan first stood here	MOSTLY TRUE	http://www.politifact.com/truth-o-meter/statements/2014/jan/29/barack-obama/barack-obama-says-minimum-wage-was-higher-during-r/	Yes		http://www.dol.gov/whd/minwage/chart.htm, http://www.bls.gov/data/inflation_calculator.htm, http://www.data360.org/dsg.aspx?Data_Set_Group_Id=762, http://www.fas.org/sgp/crs/misc/R42973.pdf
28/01/2014	Rep. Cathy McMorris Rodgers, R-Wash.	Last month, more Americans stopped looking for a job than found one.	HALF TRUE	http://www.politifact.com/truth-o-meter/statements/2014/jan/28/cathy-mcmorris-rodgers/rep-mcmorris-rodgers-says-more-people-stopped-look/	Yes	This turned out to be cherry picking a month.	http://www.bls.gov/news.release/empsit.t17.htm, http://bls.gov/news.release/empsit.t16.htm, http://bls.gov/news.release/empsit.nr0.htm, http://bls.gov/news.release/archives/empsit_12062013.htm, http://www.bls.gov/webapps/legacy/cpsatab16.htm
28/01/2014	Barack Obama	Over the past eight years, the United States has reduced our total carbon pollution more than any other nation on Earth.	HALF TRUE	http://www.politifact.com/truth-o-meter/statements/2014/jan/28/barack-obama/barack-obama-state-union-says-us-has-cut-carbon-po/	Yes	In absolute numbers US is top, but percentage makes more sense.	http://www.eia.gov/cfapps/ipdbproject/iedindex3.cfm?tid=90&pid=44&aid=8&cid=regions&syid=2003&eyid=2011&unit=MMTCD
16/01/2014	FaceBook post	Nancy Pelosi said, "Waiting long hours in the emergency room will allow you to make new friends!"	FALSE	http://www.politifact.com/truth-o-meter/statements/2014/feb/26/facebook-posts/facebook-posts-say-pelosi-supports-longer-er-wait-/	No		
03/10/2013	Labour MP Stella Creasy	The evidence from other countries is that capping does work	MOSTLY TRUE	http://blogs.channel4.com/factcheck/factcheck-cap-payday-loan-interest-work-uk/15944	no	how can you figure out what does "work" mean?	http://www.responsible-credit.org.uk/uimages/File/Taking%20on%20the%20money%20lenders%20lessons%20from%20Japan%20final.pdf http://www.policis.com/pdf/credit/Economic%20and%20Social%20Risks%20of%20Consumer%20Credit%20Market%20Regulation.pdf
01/10/2013	Boris Johnson	London is in fact now the safest global city in the world.	FALSE	http://blogs.channel4.com/factcheck/factcheck-tory-conference-roundup/15928	yes	well, it whould be suitable because you can rely on some statistics to confirm that it's not the safest one. however, the problem is which statistics to use	http://www.unodc.org/documents/data-and-analysis/statistics/Homicide/Homicides_in_most_populous_city.xls http://epp.eurostat.ec.europa.eu/cache/ITY_OFFPUB/KS-SF-12-006/EN/KS-SF-12-006-EN.PDF
01/10/2013	Jeremy Hunt	In 2010 18,000 people waited more than a year for their operation. Now it’s less than 400.	MOSTLY TRUE	http://blogs.channel4.com/factcheck/factcheck-tory-conference-roundup/15928	yes	it is verifiable. there is the rest of the story behind it, but standing alone, this fact is verifiable.	http://www.england.nhs.uk/statistics/wp-content/uploads/sites/2/2013/09/RTT_Overview_Timeseries_Jul13-42753.xls
20/09/2013	Nigel Farage	We now have 30,000 members and we’re rising fast, and by the time of the next general election we will have the third highest membership of any party in this country, and we’re going up at a time when all the rest are going down.	HALF TRUE	http://blogs.channel4.com/factcheck/factcheck-nigel-farages-ukip-conference-speech/15888	no	speculative - he's predicting numbers in the future; the second part can be assessed based on current figures	
20/09/2013	Nigel Farage	More people settled in this country in 2010 than came here for the previous 1,000 years.	MOSTLY TRUE	http://blogs.channel4.com/factcheck/factcheck-nigel-farages-ukip-conference-speech/15888	yes	technically, one needs to check some numbers, though it might be a bit difficult to assess which ones	http://www.ons.gov.uk/ons/rel/lms/labour-market-trends--discontinued-/volume-114--no--10/foreign-labour-in-the-united-kingdom--current-patterns-and-trends.pdf http://www.ons.gov.uk/ons/rel/migration1/migration-statistics-quarterly-report/august-2013/sty-migration.html
17/09/2013	George Osborne	Confirm have sold 6 per cent of Lloyds shares at 75p. Profit for taxpayer	HALF TRUE	http://blogs.channel4.com/factcheck/factcheck-profited-lloyds-share-sale/15810	yes	technically, claims in there can be verified. but the problem is "profit for taxpayer" and what you might say that means	https://www.gov.uk/government/uploads/system/uploads/attachment_data/file/240104/Chancellor_letter.pdf
10/09/2013	Health Secretary Jeremy Hunt	In fact, we’ve got to a point where A&E staff know some patients better than their own GPs.	FALSE	http://blogs.channel4.com/factcheck/factcheck-people-ae-staff-gps/15766	no	speculation	http://www.gp-patient.co.uk/results/download/_y7q2/Y7W2%20National%20Summary%20Report.pdf
05/09/2013	Dmitry Peskov	Britain is a small island - nobody pays any attention to them apart from the Russian oligarchs who have bought up Chelsea.	HALF TRUE	http://blogs.channel4.com/factcheck/factcheck-britain-paying-attention/15708	no	this is a provocation, not a fact	
05/09/2013	IDS Secretary of State for the Department of Work and Pensions	This is not an IT disaster, it will be delivered in time and in budget.	FALSE	http://blogs.channel4.com/factcheck/factcheck-universal-credit-scheme-aimed-people-work-work/15678	no	two parts to it: it is not an IT disaster might be verifiable, but the rest is a speculation about the future	
04/09/2013	Shadow Home Secretary Yvette Cooper	After rising by 23 per cent between 2007-2010, there has been a 13 per cent decrease in the number of cases of domestic violence referred to the CPS by the police since 2010 in England and Wales.	MOSTLY TRUE	http://blogs.channel4.com/factcheck/factcheck-domestic-violence-cases/15654	yes	pure number crunching	http://www.cps.gov.uk/publications/docs/cps_vawg_report_2013.pdf
03/09/2013	Shadow education secretary Stephen Twigg	In choosing to prioritise school capital funding in areas with surplus places through his free schools programme, David Cameron is showing he is out of touch with the needs of ordinary people by failing to meet basic need for school places.	HALF TRUE	http://blogs.channel4.com/factcheck/factcheck-free-schools-failing-open-areas/15632	no	difficult to assess how cameron is out of touch with needs of people	
22/05/2013	Danny Alexander, chief secretary to the Treasury	We’re also asking wealthy people to pay more tax, we’ve put more resources, a billion pounds more resources, into HMRC’s work on cracking down on tax dodging … to raise an extra £9bn a year by the end of this parliament.	HALF TRUE	http://blogs.channel4.com/factcheck/tough-on-tax-but-is-it-all-talk-factcheck/13528	No	though it might sound speculative, technically one can verify those claims. the investment was made in order to accrue something as projected by some numbers....	https://www.gov.uk/government/uploads/system/uploads/attachment_data/file/221550/autumn_statement_2012_complete.pdf http://www.ifs.org.uk/budgets/gb2013/GB2013_Ch7.pdf http://www.hmrc.gov.uk/statistics/tax-statistics/table2-4.pdf
19/05/2013	Tim Loughton (via Twitter)	£4bn is back of fag packet scaremongering particularly if Govt doubt straight couples want civil partnership.	MOSTLY TRUE	http://blogs.channel4.com/factcheck/factcheck-the-cost-of-heterosexual-civil-partnerships/13512	No	Speculation - the cost is projected...it COULD be like that	
07/05/2013	Nick Clegg	I think if we were to leave the European Union we would jeopardise up to three million jobs in this country.	MOSTLY FALSE	http://blogs.channel4.com/factcheck/factcheck-is-nigel-lawson-right-about-quitting-the-eu/13388	No	should be numerically verifiable from research data	http://pc9.niesr.ac.uk/pdf/Annual%20Report/AR-2000.PDF [not accessible] http://www.europarl.org.uk/ressource/static/files/ukjobs.pdf
07/04/2013	Lord Lawson	In my judgement the economic gains (of leaving the EU) would substantially outweigh the costs.	HALF TRUE	http://blogs.channel4.com/factcheck/factcheck-is-nigel-lawson-right-about-quitting-the-eu/13388	No	although is a personal opinion, there is data to be crunched to support or disprove this	https://www.gov.uk/government/uploads/system/uploads/attachment_data/file/220969/foi_eumembership_literaturereview.pdf http://www.civitas.org.uk/pdf/EUCosts_Factsheet.pdf http://www.timcongdon4ukip.com/docs/UKIP%20Cost%20of%20the%20EU.pdf [not accessible] http://www.europarl.org.uk/ressource/static/files/outofcontrol.pdf
23/04/2013	John Swinney	The UK as the successor state is obliged to hold on to all of the debt. We would be liberated from a population share of UK debt of £125bn.	FALSE	http://blogs.channel4.com/factcheck/factcheck-can-scotland-avoid-paying-uk-debt/13362	No	this should be a directly verifiable fact	http://news.bbc.co.uk/1/shared/bsp/hi/pdfs/2304scotlandanalysis.pdf http://blogs.channel4.com/factcheck/factcheck-who-loses-if-scotland-goes-it-alone/6524 https://www.gov.uk/government/uploads/system/uploads/attachment_data/file/79417/Scotland_analysis_Devolution_and_the_implications_of_Scottish_Independan...__1_.pdf [not accessible] http://untreaty.un.org/ilc/texts/instruments/english/conventions/3_3_1983.pdf
12/04/2013	Iain Duncan Smith	Already we’ve seen 8,000 people who would have been affected by the cap move into jobs. This clearly demonstrates that the cap is having the desired impact.	HALF TRUE	http://blogs.channel4.com/factcheck/factcheck-the-benefit-cap-row/13330	No	bad causal relationships - insufficient data	
	Alison Garnham, chief executive of the Child Poverty Action Group	About 190,000 children are affected compared to about 80,000 adults.	MOSTLY FALSE	http://blogs.channel4.com/factcheck/factcheck-the-benefit-cap-row/13330	yes		https://www.gov.uk/government/uploads/system/uploads/attachment_data/file/220153/eia-benefit-cap-wr2011.pdf
	Alison Garnham, chief executive of the Child Poverty Action Group	The difficulty with cutting people’s benefits is that it tends to have the opposite effect. It tends to make people poorer and therefore in a less good position to move into paid work.	HALF TRUE	http://blogs.channel4.com/factcheck/factcheck-the-benefit-cap-row/13330	no	i don't see anything as a source of data for this one	
		The progress made has been phenomenal and we are delighted that in line with our recommendations, as of April 2013, there has been a 50 per cent increase in deceased organ donation.	HALF TRUE	http://blogs.channel4.com/factcheck/factcheck-organ-donor-claims-under-the-knife/13316	No	although it sounds weird by implying that they're directly connected to it (due to their recommendations), it is a fact which should be verifiable	http://webarchive.nationalarchives.gov.uk/20130107105354/http://www.dh.gov.uk/prod_consum_dh/groups/dh_digitalassets/@dh/@en/documents/digitalasset/dh_090303.pdf http://www.organdonation.nhs.uk/statistics/downloads/weekly_stats.pdf
11/04/2013	Shelter press release	3.9 million British families may be just one pay check away from losing the family home.	HALF TRUE	http://blogs.channel4.com/factcheck/do-shelters-housing-claims-stack-up-factcheck/13290	No	may is the key word over here, and it implies worst case situation	http://www.ons.gov.uk/ons/publications/re-reference-tables.html?edition=tcm%3A77-231847 http://www.ons.gov.uk/ons/dcp171776_271544.pdf
08/04/2013	Ed Miliband	Currently if a bank branch closes down, a payday loan shop can move in and open up in the same place. Even if there’s already a payday lender just down the street. And there’s nothing the local council can do.	MOSTLY FALSE	http://blogs.channel4.com/factcheck/factcheck-will-ed-miliband-save-the-high-street/13222	yes	sounds speculative, but is talking about a possible (though probably the worst case) scenario, which should be verifiable by laws	https://www.gov.uk/government/publications/replacement-appendix-d-to-department-of-the-environment-circular-09-95
04/04/2013	David Cameron	Our current nuclear weapons capability costs on average around 5-6 per cent of the current defence budget. That is less than 1.5 per cent of our annual benefits bill.	MOSTLY FALSE	http://blogs.channel4.com/factcheck/factcheck-should-we-scrap-trident/13202	yes	hard facts	
04/04/2013	Jamie Hepburn, SNP MSP for Cumbernauld and Kilsyth	This jobs bogeyman is brought out routinely…only 520 jobs are directly related to Trident.	MOSTLY FALSE	http://blogs.channel4.com/factcheck/factcheck-should-we-scrap-trident/13202	yes	fact, though it might be incomplete	http://www.channel4.com/media/c4-news/pdf/trident.pdf http://www.publications.parliament.uk/pa/cm201213/cmselect/cmscotaf/892/89202.htm https://www.rusi.org/downloads/assets/Scottish_Defence_Forces_Oct_2012.pdf http://www.bbc.co.uk/news/uk-scotland-scotland-politics-20433668
02/04/2013	George Osborne	Nine out of 10 working households will be better off as a result of the reforms we’re making this month.	HALF TRUE	http://blogs.channel4.com/factcheck/factcheck-are-nine-out-of-10-working-families-better-off/13168	No	though sounds speculative, there might be projections to support or disprove this claim	https://www.gov.uk/government/uploads/system/uploads/attachment_data/file/221894/budget2013_distributional_analysis.pdf
25/03/2013	Boris Johnson	London is unlike virtually any other part of the country in that we are now actively recruiting 4,500 more police in order to drive crime down further.	MOSTLY FALSE	http://blogs.channel4.com/factcheck/factcheck-the-nasty-surprise-in-boriss-police-plan/13100	Yes	second part seems verifiable, the first part pretty much a personal opinion, and it might be supported or disproved by comparative data	http://www.metpolicecareers.co.uk/newconstable/ http://www.telegraph.co.uk/news/uknews/law-and-order/9951564/Its-bobbies-not-buildings-we-need-in-the-fight-against-crime.html http://www.publications.parliament.uk/pa/cm201213/cmselect/cmhaff/uc494-v/uc49401.htm http://www.publications.parliament.uk/pa/cm201213/cmselect/cmhaff/uc560-i/uc56001.htm
05/01/2014	Gene Sperling, economic adviser to President Barack Obama	The economy still has three people looking for every job opening.	TRUE	http://www.politifact.com/truth-o-meter/statements/2014/jan/07/gene-sperling/there-are-3-unemployed-people-every-job-opening-ob/	YES	Math necessary	http://www.bls.gov/news.release/jolts.htm, http://www.bls.gov/news.release/archives/empsit_11082013.pdf
07/01/2014	Guy on Twitter	It’s warmer on Mars than it is in parts of the United States and Canada during the polar vortex.	MOSTLY FALSE	http://www.politifact.com/truth-o-meter/statements/2014/jan/07/tweets/its-colder-us-mars-twitterverse-says/	YES		http://cab.inta-csic.es/rems/en/one-year-on-mars/#slide-to-main.
05/01/2014	Gene Sperling, economic adviser to President Barack Obama	The Obama administration offered "no magic number" of people that needed to sign up for health care on the marketplaces.	MOSTLY FALSE	http://www.politifact.com/truth-o-meter/statements/2014/jan/05/gene-sperling/obama-economic-adviser-gene-sperling-says-theres-n/	NO	It was not deemed a "magic number" by administration, but was a salient point in many briefs.	http://www.modernhealthcare.com/article/20130624/NEWS/306249957
23/11/2013	Bloggers	Obamacare Medical Codes Confirm: Execution by Beheading To Be Implemented in America.	FALSE	http://www.politifact.com/truth-o-meter/statements/2014/jan/02/blog-posting/bloggers-say-obamacare-coding-system-could-usher-b/	NO	This is fairly tough to rebuttal against since it resides mostly under "common sense."  It is hard to find text that explicitly denies it.	http://www.cdc.gov/nchs/icd/icd9.htm
10/12/2013	Paul Ryan	This is the first divided-government budget agreement since 1986	MOSTLY FALSE	http://www.politifact.com/truth-o-meter/statements/2013/dec/19/paul-ryan/rep-paul-ryan-said-bipartisan-budget-deal-first-di/	YES		
14/12/2013	Republican National Committee	The latest Quinnipiac poll found that nearly six-in-ten Americans oppose ObamaCare -- 30% support the law and 57% oppose it.	HALF TRUE	http://www.politifact.com/truth-o-meter/statements/2013/dec/19/republican-national-committee-republican/rnc-posts-wrong-poll-figure-obama-support-quickly-/	YES	Factual error which was corrected.	http://www.quinnipiac.edu/institutes-and-centers/polling-institute/national/release-detail?ReleaseID=1988
13/12/2013	Charlie Crist	Senator Marco Rubio’s endorsement of Obamacare for his own family should end the rhetoric coming from Governor Rick Scott and other tea party groups	MOSTLY FALSE	http://www.politifact.com/truth-o-meter/statements/2013/dec/18/charlie-crist/marco-rubio-endorsed-obamacare-his-family-charlie-/	NO		
09/12/2013	Bloggers	By using a little-known loophole in the 2006 Great Lakes Compact, Obama minions are allowing Nestle Company to export precious fresh water out of Lake Michigan to the tune of an estimated $500,000 to $1.8 million per day profit.	MOSTLY FALSE	http://www.politifact.com/truth-o-meter/statements/2013/dec/17/blog-posting/viral-blog-posts-say-obama-minions-are-allowing-co/	NO	Some useful sources are too old (dead links).  The loophole exists, so original documentation is not great evidence, but it's not a recent left-wing change.	http://www.gpo.gov/fdsys/pkg/BILLS-110sjres45es/pdf/BILLS-110sjres45es.pdf, http://www.politifact.com/ohio/statements/2010/sep/01/dennis-kucinich/dennis-kucinich-warns-loophole-great-lakes-compact/
06/12/2013	Traditional Values Coalition	The Employment Non-Discrimination Act "discriminates against Christian daycare, Christian parents, Christian business owners, and the rights of religious freedom.	FALSE	http://www.politifact.com/truth-o-meter/statements/2013/dec/16/traditional-values-coalition/religious-activist-group-says-enda-would-discrimin/	YES		http://www.eeoc.gov/policy/docs/qanda_religion.html, http://blogs.wsj.com/washwire/2013/11/01/religious-exemptions-at-center-of-enda-debate/
07/12/2013	Bloggers	School children can earn higher grades by studying Islam under a new "nationwide Muslim outreach program" announced by President Barack Obama.	FALSE	http://www.politifact.com/truth-o-meter/statements/2013/dec/16/blog-posting/viral-post-claims-barack-obama-has-begun-nationwid/	NO	Satire run amok - probably not suitable.	
10/12/2013	Generation Opportunity	Obamacare could force thousands of volunteer fire stations to cut service or close entirely!	HALF TRUE	http://www.politifact.com/truth-o-meter/statements/2013/dec/13/generation-opportunity/will-affordable-care-act-close-down-volunteer-fire/	NO	Speculative	
04/12/2013	Barbara Lee	60 percent of people on food assistance are working.	HALF TRUE	http://www.politifact.com/truth-o-meter/statements/2013/dec/11/barbara-lee/barbara-lee-says-60-percent-people-food-assistance/	YES		http://www.cbpp.org/files/1-29-13fa.pdf, http://www.fns.usda.gov/sites/default/files/2011Characteristics.pdf
05/12/2013	Heritage Foundation	FACT: Repealing Obamacare would be easier than repealing Prohibition.	HALF TRUE	http://www.politifact.com/truth-o-meter/statements/2013/dec/09/heritage-foundation/heritage-foundation-tweet-says-repealing-obamacare/	NO	Speculative / too complex	
08/12/2013	Rob Portman	About 2 percent of Americans get paid the minimum wage.	HALF TRUE	http://www.politifact.com/truth-o-meter/statements/2013/dec/08/rob-portman/rob-portman-says-about-2-percent-americans-get-pai/	YES		http://www.bls.gov/cps/minwage2012.pdf, http://www.dol.gov/dol/topic/wages/subminimumwage.htm
04/12/2013	Barack Obama	By the time she turns 3 years old, a child born into a low-income home hears 30 million fewer words than a child from a well-off family.	TRUE	http://www.politifact.com/truth-o-meter/statements/2013/dec/05/barack-obama/obama-says-children-low-income-families-hear-30-mi/	YES		http://www.aft.org/pdfs/americaneducator/spring2003/TheEarlyCatastrophe.pdf, http://centerforeducation.rice.edu/slc/LS/30MillionWordGap.html
05/12/2013	Facebook Posts	Vladimir Putin said, "President Obama and his fellow Democrats are either idiots or deliberately trying to destroy their own economy."	FALSE	http://www.politifact.com/truth-o-meter/statements/2013/dec/05/facebook-posts/facebook-meme-says-vladimir-putin-accused-barack-o/	NO	Regarding what Putin said.	
04/12/2013	Barack Obama	The minimum wage "in real terms right now is below where it was when Harry Truman was in office." 	HALF TRUE	http://www.politifact.com/truth-o-meter/statements/2013/dec/04/barack-obama/barack-obama-says-minimum-wage-higher-now-under-ha/	YES	Ill-Defined	http://www.dol.gov/whd/minwage/chart.htm, http://www.fas.org/sgp/crs/misc/R42973.pdf
04/12/2013	Facebook Posts	44% of homeless people are employed.	HALF TRUE	http://www.politifact.com/truth-o-meter/statements/2013/dec/04/facebook-posts/facebook-post-says-44-percent-homeless-people-are-/	YES	It's old data and it's a bit fuzzy but I think it's suitable.	http://www.urban.org/UploadedPDF/homelessness.pdf
01/12/2013	Timothy Dolan	We, the bishops of the United States -- can you believe it -- in 1919 came out for more affordable, more comprehensive, more universal health care.	TRUE	http://www.politifact.com/truth-o-meter/statements/2013/dec/04/timothy-dolan/us-bishops-have-supported-universal-health-care-19/	YES	May require OCR	http://cuomeka.wrlc.org/files/original/835f26c0ebabbd7ba0d55b60dabb47b0.pdf
24/11/2013	Sen. Bob Corker, R-Tenn.	"The administration was kicking and screaming all the way with these sanctions being put in place (on Iran)."	MOSTLY FALSE	http://www.politifact.com/truth-o-meter/statements/2013/dec/03/bob-corker/corker-said-congress-dragged-obama-kicking-and-scr/	NO	As phrased it is not suitable.	
30/08/2013	Paddy Ashdown, BBC News	Maybe I am just an old war horse from the past but I think it has a profound implication for our country. I think it diminishes our country hugely.	HALF TRUE	http://blogs.channel4.com/factcheck/factcheck-britain-global-power-players-2003-2013/15610	No	This statement refers to Parliament’s vote against military action in Syria If the statement was only about the strength of military in Britain, it culd be measured statistically as done in this fact check, however the statement refers to the decision in regard with Syria and seems to be subjective	
21/08/2013	Keep our NHS Public	NHS England has announced that patient data held by GPs is to be sold for £1 per request to ‘approved companies’ who wish to buy it. Patient records are supposed to be anonymised, with each name + first line of address merely replaced with a unique identifier code. A list of the codes will be held separately. But it will not be hard for names and addresses to be restored; once a patient record is uploaded. Any teenager could do it.	MOSTLY TRUE	http://blogs.channel4.com/factcheck/nhss-anonymous-data-anonymous/14200	No		
	Heather Wakefield from Unison	We think that it’s also an infringement of equality legislation, that the government and local authorities should be doing equality audits because the elderly, children, pregnant women and people with disabilities are the worst hit and we think this is probably a breech of equality law too.	HALF TRUE	http://blogs.channel4.com/factcheck/factcheck-council-toilet-closures-infringing-rights/14180	No	Refers to council toilet closures	
14/08/2013	Ed Miliband	If you really believe that what people are seeing is rising incomes in this country, I don’t think that’s what people in this country are feeling.	HALF TRUE	http://blogs.channel4.com/factcheck/factcheck-cost-living-crisis/14164	Yes	The part about how people are feeling is not easy to factcheck, the rest is fine though.	http://www.ifs.org.uk/wps/wp201311.pdf
12/08/2013	Nick Pickles, Big Brother Watch	There’s one study that said we have 1 per cent of the world’s population and 20 per cent of the world’s CCTV cameras.	FALSE	http://blogs.channel4.com/factcheck/factcheck-big-brother-watching/14125	Yes		http://www.channel4.com/news/articles/society/factcheck+how+many+cctv+cameras/2291167.html
23/07/2013	Labour Party	Labour is today publishing analysis showing that there will be a shortfall of 120,000 primary school places by September this year	FALSE	http://blogs.channel4.com/factcheck/factcheck-black-mark-for-labour-on-primary-school-places/14069	Yes	While this is a speculation, it seems like the data for it is available now.	http://www.nao.org.uk/wp-content/uploads/2013/03/10089-001_Capital-funding-for-new-school-places.pdf
23/07/2013	Professor Les Ebdon	The figures demonstrate clearly that universities’ significant efforts to widen participation to higher education are making a real and lasting difference to thousands of lives.	HALF TRUE	http://blogs.channel4.com/factcheck/factcheck-why-we-havent-cracked-the-university-problem-yet/14037	Yes		http://www.hesa.ac.uk/index.php?option=com_content&task=view&id=2397&Itemid=141
17/07/2013	David Laws, schools minister	We’re not only demanding this of schools and suggesting that that schools need to raise their sights in the future. But we’re also supplying additional money… all of this money that we’re talking about today, the increase in the pupil premium is additional money that government is investing.	HALF TRUE	http://blogs.channel4.com/factcheck/factcheck-just-how-additional-is-that-additional-money-for-schools/14017	No		
16/07/2010	Number 10	Overall in net terms, at the number of clinically trained professionals in the NHS, they are up 8,000 since the start of this government	TRUE	http://blogs.channel4.com/factcheck/factcheck-how-critical-are-nhs-staffing-levels/13981	Yes		http://www.hscic.gov.uk/catalogue/PUB10832
15/07/2013	Health Secretary Jeremy Hunt	The government has decided to wait until the emerging impact of the decision in Australia can be measured before we make a final decision on this policy in England	FALSE	http://blogs.channel4.com/factcheck/factcheck-the-plain-truth-about-cigarette-packaging/13965	No	Refers to cigarette plain packaging campaign	
28/01/2014	Barack Obama	There is more oil produced at home than we buy from the rest of the world – the first time that’s happened in nearly 20 years,	TRUE	http://www.politifact.com/truth-o-meter/statements/2014/jan/28/barack-obama/state-union-obama-says-us-produces-more-oil-it-buy/	Yes	Two claims in one, first one already checked here: http://www.politifact.com/truth-o-meter/statements/2014/jan/17/barack-obama/obama-says-us-produces-more-oil-it-imports-first-t/	http://www.eia.gov/forecasts/steo/archives/Nov13.pdf
28/01/2014	Barack Obama	Today, after four years of economic growth, corporate profits and stock prices have rarely been higher, and those at the top have never done better," Obama said. "But average wages have barely budged.	TRUE	http://www.politifact.com/truth-o-meter/statements/2014/jan/28/barack-obama/state-union-obama-says-over-past-four-years-averag/	Yes	Interesting statement of PF: At PolitiFact, one of our core principles is "words matter." So in this item, we will look at average wages -- not the median wage, and not the average (or median) family income or household income.	"The Bureau of Labor Statistics’ National Occupational Employment and Wage Estimates"; The Social Security Administration's National Average Wage Index
26/01/2014	Rand Paul	Over half of the young people in medical school and dental school are women. Law school, the same way.	FALSE	http://www.politifact.com/truth-o-meter/statements/2014/jan/28/rand-paul/rand-paul-says-more-half-students-medical-dental-a/	Yes		https://www.aamc.org/download/321526/data/2013factstable26-2.pdf, http://www.ada.org/sections/professionalResources/docs/SDE1_2011-12_and_2012-13_final.xlsx
26/01/2014	Ted Cruz	We’ve got the lowest labor force participation in over three decades, since 1978.	MOSTLY TRUE	http://www.politifact.com/truth-o-meter/statements/2014/jan/26/ted-cruz/labor-force-participation-its-lowest-point-1978-sa/	Yes	Claim's correct but not necessarily Obama's fault. Useful resource: http://www.bls.gov/bls/glossary.htm#L glossary 	http://www.bls.gov/opub/mlr/2013/article/labor-force-projections-to-2022-the-labor-force-participation-rate-continues-to-fall.htm
26/01/2014	Mitch McConnell	The minimum wage is mostly an entry-level wage for young people.	MOSTLY TRUE	http://www.politifact.com/truth-o-meter/statements/2014/jan/26/mitch-mcconnell/mitch-mcconnell-says-minimum-wage-young-people-ent/	Yes 	entry-level wage is a little subtle I think, and actually wrong here. If he had said "Minimum wage is mostly earned by young people" it would be clearer and "Fact". 	http://www.bls.gov/cps/minwage2012.pdf
22/01/2014	Senator Patty Murray 	In the past three years, state legislatures have "enacted more of these restrictions (on abortion) than in the previous 10 years combined."	TRUE	http://www.politifact.com/truth-o-meter/statements/2014/jan/24/patty-murray/more-state-abortion-restrictions-were-enacted-last/	Yes	This looked impossible first because "abortion restriction" seemed like a fuzzy term, but because there is a report specifically on this, this seems doable.	http://www.guttmacher.org/statecenter/updates/2013/statetrends42013.html
21/01/2014	Patrick Kennedy	today’s modern, genetically modified marijuana (has) much higher THC levels, far surpass(ing) the marijuana that the president acknowledges smoking when he was a young person."	MOSTLY TRUE	http://www.politifact.com/truth-o-meter/statements/2014/jan/24/patrick-kennedy/has-potency-pot-changed-president-obama-was-high-s/	Yes	THC levels higher, but through genetic selection, not modification. 	
23/01/2014	Rep. Louie Gohmert 	"Forty years ago, hardly anybody in the country had health insurance."	FALSE	http://www.politifact.com/truth-o-meter/statements/2014/jan/24/louie-gohmert/texas-rep-louie-gohmert-says-40-years-ago-hardly-a/	Yes		http://www.cms.gov/Research-Statistics-Data-and-Systems/Statistics-Trends-and-Reports/MedicareMedicaidStatSupp/2011.html; http://www.cdc.gov/nchs/data/nhsr/nhsr017.pdf
18/01/2014	Barack Obama	"Thanks in part to our all-of-the-above strategy for American energy," the United States generates "more natural gas than anybody."	MOSTLY TRUE	http://www.politifact.com/truth-o-meter/statements/2014/jan/22/barack-obama/barack-obama-says-we-generate-more-natural-gas-any/	No	Partly unsuitable because causility is claimed. part fiction because sources could be inaccurate? Can we make this argument not more often? 	http://www.bp.com/content/dam/bp/excel/Statistical-Review/statistical_review_of_world_energy_2013_workbook.xlsx
19/01/2014	Vladimir Putin	"In some of the states in the U.S., homosexuality remains a felony."	FALSE	http://www.politifact.com/truth-o-meter/statements/2014/jan/19/vladimir-putin/putin-some-places-united-states-homosexuality-rema/	Yes	States have anti-sodomy laws, but it's not a felony. Hmm, would have rated this FactFictionFiction maybe...	
19/01/2014	Vladimir Putin	in Russia "all people are absolutely equal regardless of their religion, sex, ethnicity, or sexual orientation," while "70 countries of the world have criminal liability for homosexuality."	HALF TRUE	http://www.politifact.com/truth-o-meter/statements/2014/jan/19/vladimir-putin/putin-70-countries-being-gay-crime/	Yes		http://old.ilga.org/Statehomophobia/ILGA_State_Sponsored_Homophobia_2013.pdf
16/01/2014	Facebook posts	"In 1916, the U.S. government predicted that by the 1940s all paper would come from hemp and that no more trees would need to be cut down."	FALSE	http://www.politifact.com/truth-o-meter/statements/2014/jan/17/facebook-posts/viral-internet-meme-says-us-government-predicted-1/	No	Not sure, it's a claim regarding whether a claim was made.	
13/01/2014	Former Def. Sec. Robert Gates	On foreign policy, Joe Biden was against aid for Vietnam, said the fall of the Shah was "a step forward" for human rights in Iran, opposed Reagan's defense build-up and voted against the first Gulf War.	MOSTLY TRUE	http://www.politifact.com/truth-o-meter/statements/2014/jan/16/robert-gates/robert-gates-criticism-vice-president-joe-biden/	No	Claim about whether a person supported certain points	
10/03/2014	Facebook Meme	Marco Rubio believes the earth is 9,000 years old and that humans hunted dinosaurs to extinction. Rand Paul believes the earth is 10,000 years old and God removed dinosaurs "to make space for humans.	FALSE	http://www.politifact.com/truth-o-meter/statements/2014/mar/25/facebook-posts/facebook-meme-claims-rand-paul-and-marco-rubio-hav/	NO	Facebook meme, multiple claims regarding people's beliefs, hence unsuitable?	
20/03/2014	Barack Obama	Our high school graduation rate is the highest on record, more young people are earning college degrees than ever before.	HALF TRUE	http://www.politifact.com/truth-o-meter/statements/2014/mar/26/barack-obama/barack-obama-says-high-schoolers-are-graduating-al/	YES	Different statistics available which make this difficult	https://explore.data.gov/Education/Adjusted-Cohort-Graduation-Rates-at-the-school-lev/m5pw-2ea9 http://nces.ed.gov/pubs2013/2013309rev.pdf https://nces.ed.gov/programs/digest/d12/tables/dt12_122.asp
25/03/2014	Barbara Boxer	"women take birth control, more than half of them, as a medication for other conditions"	HALF TRUE	http://www.politifact.com/truth-o-meter/statements/2014/mar/26/barbara-boxer/barbara-boxer-says-more-half-women-use-birth-contr/	YES		http://www.guttmacher.org/pubs/Beyond-Birth-Control.pdf
19/03/2014	Chris Chocola	Sen. Cochran loves the power of pork so much that he once voted to spend hundreds of millions of dollars on probably the most famous pork project of all — the Bridge to Nowhere in Alaska — instead of shifting the money to repair a bridge damaged by Hurricane Katrina.	HALF TRUE	http://www.politifact.com/truth-o-meter/statements/2014/mar/27/chris-chocola/did-mississippi-sen-thad-cochran-spurn-katrina-bri/	NO	Claim about his intentions rather than about the actual vote.	
27/03/2014	Alison Lundergan Grimes	McConnell is "the No. 1 recipient of contributions from lobbyists this cycle."	TRUE	http://www.politifact.com/truth-o-meter/statements/2014/mar/27/alison-lundergan-grimes/does-mitch-mcconnell-receive-more-money-lobbyists-/	YES	Tricky: Some other person received more money but is discounted because he ran twice in this season?	http://www.opensecrets.org/lobby/lobby_contribs.php?cycle=2014&type=P
28/03/2014	Facebook Meme	22 Countries Invaded by the U.S. in 20 Years	FALSE	http://www.politifact.com/truth-o-meter/statements/2014/mar/31/facebook-posts/viral-meme-says-united-states-has-invaded-22-count/	NO	Definition of invasion is too vague	
27/03/2014	Facebook Meme	Unclear: Unconstitutional!!! Accepting an islamic order and gold medal.	MOSTLY FALSE	http://www.politifact.com/truth-o-meter/statements/2014/apr/01/facebook-posts/meme-says-barack-obamas-acceptance-islamic-order-a/	NO	Probably far too tricky because of legal arguments concerning the type of present and precedents.	http://www.justice.gov/olc/opiniondocs/emoluments-nobel-peace.pdf http://www.gpo.gov/fdsys/pkg/USCODE-2011-title5/html/USCODE-2011-title5-partIII-subpartF-chap73-subchapIV-sec7342.htm http://www.fas.org/sgp/crs/misc/R42662.pdf
26/03/2014	Organizing for Action	One of the Koch brothers' anti-Obamacare groups is going to college campuses, giving away free booze to try to bribe young folks out of getting health insurance	HALF TRUE	http://www.politifact.com/truth-o-meter/statements/2014/apr/01/organizing-action/organizing-action-says-koch-brothers-group-used-bo/	YES		http://www.hangtime.com/events/free-drinks-food-at-the-crust-18-to-enter-21-to-drink/172757909585610 https://www.facebook.com/DartmouthCollegeRepublicans/photos/a.415807158461420.87591.192893990752739/682967708412029/?type=1
02/04/2014	Harry Reid	They (The Koch brothers)'re the richest people in the world. Individually they're only fifth. Put them together they're the richest in the world.	MOSTLY TRUE	http://www.politifact.com/truth-o-meter/statements/2014/apr/02/harry-reid/harry-reid-says-koch-brothers-are-richest-family-w/	YES		http://www.forbes.com/forbes-400/list/ http://www.forbes.com/billionaires/
01/04/2014	Kentucky Opportunity Coalition	The death tax makes it harder for us to hand our farm on to our kids	MOSTLY FALSE	http://www.politifact.com/truth-o-meter/statements/2014/apr/03/kentucky-opportunity-coalition/pro-mcconnell-group-says-estate-tax-makes-it-hard-/	NO	Subjective	
03/04/2014	Charles Koch	It was only in the past decade that I realized the need to also engage in the political process.	FALSE	http://www.politifact.com/truth-o-meter/statements/2014/apr/03/charles-koch/charles-koch-op-ed-says-his-political-engagement-b/	NO	Fluid categories, not clear how to judge political engagement	
01/04/2014	Marco Rubio	The purpose of Obamacare was not to get 7 million people or 6 million people, or whatever the number now is, to sign up on a website. The purpose of Obamacare, according to them, was to get more people  insurance. And by all accounts, it's going to fall woefully short.  You're still going to have 30-some-odd million people in this country  uninsured.	MOSTLY FALSE	http://www.politifact.com/truth-o-meter/statements/2014/apr/04/marco-rubio/rubio-says-health-care-law-fell-short-goal-30-mill/	NO	The way he phrased it, he doesn't actually commit to a number ...	
02/04/2014	Charles Koch	EPA officials have commended us (Koch industries) for our ‘commitment to a cleaner environment’ and called us ‘a model for other companies.	MOSTLY FALSE	http://www.politifact.com/truth-o-meter/statements/2014/apr/04/charles-koch/epa-koch-brothers-business-environment/	NO	Quote is true, but in reference to a specific process and not in reference to a company. It is a statement about a statement though, so we avoided it.	http://yosemite.epa.gov/opa/admpress.nsf/0/6F25BD791C4B21CB852577C400552339
04/04/2014	Chain Email	This is the first time since WWII that five nuclear-powered aircraft carriers were docked together	FALSE	http://www.politifact.com/truth-o-meter/statements/2014/apr/04/chain-email/were-five-aircraft-carriers-docked-one-place-2014-/	YES		https://web.archive.org/web/20130101062828/http:/blogs.defensenews.com/intercepts/2012/12/home-for-christmas-9-flattops-at-norfolk-dec-20-2012/
04/04/2014	Chain Email	Michelle Obama waves red communist flags on her taxpayer-funded visit to China	FALSE	http://www.politifact.com/truth-o-meter/statements/2014/apr/04/chain-email/chain-email-says-michelle-obama-waved-communist-fl/	YES	Tricky resolution, though, as this requires image analysis to establish that the flag she is waving is not the Chinese national flag	http://www.nbcnews.com/news/world/first-lady-joins-chinese-folk-dance-n60276
06/04/2014	Michael McCaul	When people enlist in the military, there is a physical check but there's not a mental health evaluation when people enter the service	TRUE	http://www.politifact.com/truth-o-meter/statements/2014/apr/06/michael-mccaul/mccaul-when-people-enter-service-theres-not-mental/	YES		http://www.dtic.mil/whs/directives/corres/pdf/649004p.pdf http://www.apd.army.mil/jw2/xmldemo/r601_270/main.asp http://www.mepcom.army.mil/enlistment.html
01/04/2014	Barack Obama	"More than 3 million young adults ... have gained insurance under (the Affordable Care Act) by staying on their family’s plan."	HALF TRUE	http://www.politifact.com/truth-o-meter/statements/2014/apr/07/barack-obama/obama-says-more-3-million-young-adults-got-health-/	YES	Various estimates in circulation, no precise up-to-date numbers	http://acasignups.net/14/04/03/sub26ers-reducing-lower-line-update, http://aspe.hhs.gov/aspe/gaininginsurance/rb.pdf
04/04/2014	Jay Carney	Who will raising the minimum wage actually help? More than half work full-time. The average worker is 35 years old.	HALF TRUE	http://www.politifact.com/truth-o-meter/statements/2014/apr/08/jay-carney/white-house-says-most-those-helped-its-minimum-wag/	YES		http://www.bls.gov/cps/minwage2013.pdf http://s1.epi.org/files/2014/EPI-1010-minimum-wage.pdf
26/03/2014	Senate Majority PAC	Now they [The Koch brothers] are spending millions to buy a Senate seat for Bill Cassidy so he can fight for them	MOSTLY FALSE	http://www.politifact.com/truth-o-meter/statements/2014/apr/08/senate-majority-pac/democratic-group-assails-koch-brothers-role-louisi/	NO	Rather subjective	only indirect sources listed
28/03/2014	Senate Majority PAC	Before Congress, Cotton got paid handsomely working for insurance companies and corporate interests.	FALSE	http://www.politifact.com/truth-o-meter/statements/2014/apr/09/senate-majority-pac/democratic-pac-says-tom-cotton-got-paid-handsomely/	YES	Worked for McKinsey, which is not an insurance company. Consulted insurance companies, thus worked indirectly for them	http://pfds.opensecrets.org/N00033363_2011_nom.pdf http://www.senate.gov/CRSReports/crs-publish.cfm?pid=%270E%2C*PL%5B%3D%23P%20%20%0A https://www.facebook.com/TomCottonAR/info
30/10/2013	David Cameron, House of Commons	Fuel poverty went up under Labour.	HALF TRUE	http://blogs.channel4.com/factcheck/turning-heat-pms-fuel-poverty-claims-factcheck/16286	yes	Numerically verifiable	https://www.gov.uk/government/uploads/system/uploads/attachment_data/file/199824/Trends_in_fuel_poverty_2003-2011_Definition_-_FINAL.xlsx https://www.gov.uk/government/uploads/system/uploads/attachment_data/file/226991/trends_in_fuel_poverty_2003_2011_new_hills_definition.xlsx
31/10/2013	David Cameron, House of Commons	Under this Government, we’ve maintained the winter fuel payments	MOSTLY FALSE	http://blogs.channel4.com/factcheck/turning-heat-pms-fuel-poverty-claims-factcheck/16286	yes	Numerically verifiable	http://www.google.co.uk/url?sa=t&rct=j&q=&esrc=s&source=web&cd=2&ved=0CDYQFjAB&url=http%3A%2F%2Fwww.parliament.uk%2Fbriefing-papers%2FSN06019.pdf&ei=-TpxUqXzNIKatQbM24HgDA&usg=AFQjCNGGHwwiclowfRAAeWletaWvJmq9Aw&sig2=ATbJsO4K-okRsd_g_zvw3g&bvm=bv.55617003,d.Yms&cad=rja
01/11/2013	David Cameron, House of Commons	We have increased the cold weather payments.	MOSTLY TRUE	http://blogs.channel4.com/factcheck/turning-heat-pms-fuel-poverty-claims-factcheck/16286	yes	Numerically verifiable	
29/10/2013	UK Government	The government has updated the benefit to cost ratio (BCR) of the railway, valuing it at 2.3, or providing £2 worth of benefits for every £1 spent. This is similar to Crossrail and higher than the benefit cost ratio for some other major projects when approved, such as Thameslink and the Jubilee Line extension.	HALF TRUE	http://blogs.channel4.com/factcheck/factcheck-hs2-money/16278	yes	Not explicitely mentioned who made the statement	https://www.gov.uk/government/news/hs2-crucial-to-meet-uk-transport-needs https://www.gov.uk/government/uploads/system/uploads/attachment_data/file/220541/green_book_complete.pdf
26/10/2013	Baroness Jones	Lord Nash has given false information to parliament and he should correct the error at the earliest opportunity.	MOSTLY FALSE	http://blogs.channel4.com/factcheck/factcheck-free-schools/16272	no	Accusation, personal opinion	
24/10/2013	Dr Hilary Emery, Chief Executive of the National Children’s Bureau	Data shows five excess child deaths per day in UK compared to Sweden	HALF TRUE	http://blogs.channel4.com/factcheck/factcheck-child-deaths-britain-worse-sweden/16244	yes	Numerically verifiable. Interestingly the verdict is not just about the number, but also on whether this particular comparison is informative.	https://www.gov.uk/government/news/chief-medical-officer-prevention-pays-our-children-deserve-better https://www.gov.uk/government/publications/chief-medical-officers-annual-report-2012-our-children-deserve-better-prevention-pays/cmos-annual-report-2012-our-children-deserve-better-cmos-summary-as-a-web-page http://www.thelancet.com/journals/lancet/article/PIIS0140-6736(12)62085-6/fulltext
01/08/2012	Anne Marie Waters, council member of the National Secular Society	The number of women wearing the burka and niqab has exploded in Britain in recent decades	HALF TRUE	http://blogs.channel4.com/factcheck/britains-niqab-unveiling-facts-factcheck/16232	no	Numerically verifiable, Exact date is not known (August 2013)	http://www.secularism.org.uk/blog/2012/08/women-can-choose-to-wear-the-burka--but-can-they-choose-not-to
19/09/2013	Philip Hollobone MP	There’s overwhelming support for banning the veil. People feel it’s alien to our way of life.	MOSTLY TRUE	http://blogs.channel4.com/factcheck/britains-niqab-unveiling-facts-factcheck/16232	yes	Public opinion, possible to verify	http://yougov.co.uk/news/2013/09/18/most-still-want-ban-burka-britain/
16/09/2013	Dr Sarah Wollaston MP for Totnes	The niqab … collude[s] with making women invisible.	MOSTLY FALSE	http://blogs.channel4.com/factcheck/britains-niqab-unveiling-facts-factcheck/16232	no	(Personal?) opinion, hard to verify	
23/10/2013	David Davis, Conservative MP	The police put millions of innocent people under surveillance in order to catch a tiny minority of wrongdoers. Perhaps now it is time to make officers wear a camera and microphone while on duty. When they tried this in California, use of force by police officers dropped by two-thirds in a year.	HALF TRUE	http://blogs.channel4.com/factcheck/factcheck-putting-cameras-cops-behave/16202	yes	Could be seen as speculation, but one part of the analogy can be verified. The verdict is also about whether they trust the numbers.	http://www.thetimes.co.uk/tto/opinion/columnists/article3901699.ece http://www.scribd.com/doc/130767873/Self-awareness-to-being-watched-and-socially-desirable-behavior-A-field-experiment-on-the-effect-of-body-worn-cameras-on-police-use-of-force
22/10/2013	Department of Health	Foreign visitors owe the NHS £2bn	MOSTLY FALSE	http://blogs.channel4.com/factcheck/foreign-visitors-owe-nhs-2bn-factcheck/16194	no	Numerically verifiable	https://www.gov.uk/government/uploads/system/uploads/attachment_data/file/254200/Quantitative_Assessment_of_Visitor_and_Migrant_Use_of_the_NHS_in_England_-_Exploring_the_Data_-_SUMMARY._2__pdf.pdf
21/10/2013	Ed Davey, energy secretary	If people at home want to be able to keep watching the television, be able to turn the kettle on, and benefit from electricity, we have got to make these investments. It is essential to keep the lights on.	MOSTLY FALSE	http://blogs.channel4.com/factcheck/nuclear-overreacting/16176	no	Which investments (nuclear reactor) is not clear from wording, also the causality is hard to assess	
18/10/2013	Health Secretary Jeremy Hunt, National Children’s and Adults Services conference	[I am] struck by the reverence and respect for older people in Asian culture. In those countries, when living alone is no longer possible, residential care is a last, rather than a first option	HALF TRUE	http://blogs.channel4.com/factcheck/factcheck-hunts-rosetinted-view-chinas-social-care-system/16154	No		http://www.telegraph.co.uk/news/worldnews/asia/china/9805834/Chinas-ageing-population-100-year-waiting-list-for-Beijing-nursing-home.html  http://www.channel4.com/news/old-age-elderly-care-homes-jeremy-hunt-health-secretary
16/10/2013	Mark Rimmer, a senior Registrar in Brent and head of the Local Registration Services Association	In an area like London it would not be unreasonable to say that 20% of all our marriages are suspicious.	MOSTLY FALSE	http://blogs.channel4.com/factcheck/factcheck-20-cent-london-marriages-bogus/16096	yes	Numerically verifiable. One would probably need context to tell that this about visas	http://news.sky.com/story/1155062/immigration-one-in-five-marriages-a-sham http://www.ons.gov.uk/ons/publications/re-reference-tables.html?edition=tcm%3A77-292280
14/10/2013	Boris Johnson	Who, according to JK Rowling, the author of the Harry Potter novels, was Harry Potter’s first girlfriend? Who is the first person he kisses? That’s right, Cho Chang – who is a Chinese overseas student at Hogwarts school.	MOSTLY FALSE	http://blogs.channel4.com/factcheck/factcheck-osborne-boris-china/16064	yes	Not sure if Cho is Chinese (name doesn't sound so)	
14/10/2013	George Osborne	One hundred and sixty million Chinese are watching Downton Abbey, which is more than double the number of people who live in the UK.	MOSTLY FALSE	http://blogs.channel4.com/factcheck/factcheck-osborne-boris-china/16064	yes	It is mentioned as a fact which turns out to be a speculation.	http://blogs.telegraph.co.uk/news/tomchiversscience/100241196/george-osborne-thinks-160m-chinese-watch-downton-shouldnt-the-chancellor-have-a-good-head-for-figures/
14/10/2013	George Osborne	Take your great high-tech company, Huawei. There are some western governments that have blocked Huawei from making investments. Not Britain. Quite the opposite.	MOSTLY TRUE	http://blogs.channel4.com/factcheck/factcheck-osborne-boris-china/16064	yes		https://www.gov.uk/government/uploads/system/uploads/attachment_data/file/205680/ISC-Report-Foreign-Investment-in-the-Critical-National-Infrastructure.pdf
14/10/2013	Vicky Pryce	More than 50 per cent of women who enter jail have been physically, sexually, or emotionally abused. And those are statistics quoted by everybody.	MOSTLY FALSE	http://blogs.channel4.com/factcheck/factcheck-vicky-pryces-prisonomics-add/16042	yes	Numerically verifiable. The verdict assumes that statement is made for abuse in adult years, not sure though this is correct to assume though.	http://www.bbc.co.uk/news/uk-politics-24516626 https://www.gov.uk/government/uploads/system/uploads/attachment_data/file/278837/prisoners-childhood-family-backgrounds.pdf
10/10/2013	Immigration minister Mark Harper	The Immigration Bill will [..] reduce the pull factors which encourage people to come to the UK and make it easier to remove people who should not be here.	MOSTLY FALSE	http://blogs.channel4.com/factcheck/factcheck-immigration-bill-reduce-illegal-immigrants/16004	no	Speculation	
07/10/2013	Sun front page	A SUN investigation today reveals disturbing failings in Britain’s mental health system that have allowed high-risk patients to kill 1,200 people in a decade.	FICTION	http://blogs.channel4.com/factcheck/factcheck-sun-killer-mental-patients/15984	yes	Numerically verifiable	http://www.bbmh.manchester.ac.uk/cmhr/centreforsuicideprevention/nci/reports/AnnualReport2013_UK.pdf
03/10/2013	National Lottery press release	New Lotto gives you more ways to win more money.	MOSTLY TRUE	http://blogs.channel4.com/factcheck/factcheck-lottos-winners-losers/15960	yes	Math needed	http://www.williamhill.com/